date,index_code,pe,pe_pct,pb,pb_pct,dividend,roe,eva_type
2026-10-08,CSI930713,53.43,,,,0.0074,,
2026-10-08,CSI931637,25.56,,,,0.0113,,
2026-10-08,CSI931719,23.69,,,,0.018500000000000003,,
2026-10-08,CSI931866,51.66,,,,0.0076,,
2026-10-08,CSI931994,28.25,,,,0.013000000000000001,,
2026-10-07,CSIH30533,15.9444,0.0148,1.8829,0.0028,0.0118,0.1181,low
2026-10-07,GDAXI,16.7337,0.4548,1.6943,0.5092,0.0011,0.1013,high
2026-10-08,H30590,43.37,,,,0.0088,,
2026-09-29,HKHSI,10.8996,0.5716,1.1494,0.6296,0.0327,0.1055,high
2026-10-07,HKHSTECH,21.7611,0.2162,2.2101,0.1051,0.0112,0.1016,low
2026-09-29,NDX,30.9494,0.5076,9.4867,0.8564,0.0043,0.3065,high
2026-10-08,SH000001,15.48,,,,0.0235,,
2026-10-07,SH000300,13.1358,0.592,1.391,0.3244,0.0276,0.1059,high
2026-10-07,SH000688,119.2192,0.7877,6.9189,0.7871,0.0027,0.058,high
2026-10-07,SH000827,27.8689,0.4532,2.3487,0.3172,0.0195,0.0843,high
2026-10-07,SH000852,41.1135,0.6316,2.2571,0.336,0.0115,0.0549,high
2026-10-07,SH000905,31.2059,0.7208,2.2607,0.7276,0.0143,0.0724,high
2026-10-07,SH000922,8.7827,0.8448,0.8661,0.548,0.0423,0.0986,high
2026-10-07,SH000932,22.6508,0.2004,3.3686,0.0168,0.0415,0.1487,low
2026-10-07,SH000991,30.7051,0.2912,2.9372,0.0592,0.0179,0.0957,low
2026-10-07,SH000993,49.4252,0.3608,5.6224,0.9216,0.0067,0.1138,high
2026-09-29,SP500,25.1434,0.568,5.5109,0.9392,0.0103,0.2192,high
2026-10-07,SZ399006,34.7469,0.2508,4.8587,0.492,0.0106,0.1398,mid
2026-10-07,SZ399812,8.4045,0.0004,1.6315,0.0048,0.0295,0.1941,low
2026-10-07,SZ399971,29.638,0.2456,2.1024,0.186,0.0223,0.0709,low
2026-10-07,SZ399975,11.6893,0.0,1.1781,0.0452,0.022,0.1008,low
2026-10-07,SZ399989,30.3732,0.24,3.4763,0.1264,0.0137,0.1145,low
