index_name,index_code,etfs,pe,pe_pct,pb,pb_pct,dividend,roe,drawdown,eva_type,coverage,dd_window,watch
中概互联50,CSIH30533,513050.SS; KWEB,16.4,2.92,1.94,0.6,0.0114,0.1181,0.6101,low,full,10y,False
恒生科技,HKHSTECH,3067.HK; 513180.SS,22.39,27.33,2.27,14.43,0.0108,0.1016,0.617,low,full,6y,True
恒生指数,HKHSI,2800.HK; 159920.SZ,10.62,51.76,1.12,56.48,0.0339,0.1055,0.2697,high,full,10y,False
中证医疗,SZ399989,512170.SS,30.43,24.52,3.48,12.88,0.0137,0.1145,0.6593,low,full,7y,False
全指医药,SH000991,159938.SZ,30.86,30.2,2.95,6.16,0.0178,0.0957,0.5742,mid,full,10y,False
中证传媒,SZ399971,512980.SS,31.16,30.68,2.21,26.52,0.0212,0.0709,0.3865,mid,full,9y,False
主要消费,SH000932,159928.SZ,22.84,20.8,3.4,2.08,0.0411,0.1487,0.5612,low,full,10y,False
中证500,SH000905,510500.SS; 159922.SZ,31.19,72.08,2.26,72.72,0.0144,0.0724,0.208,high,full,10y,False
中证1000,SH000852,159629.SZ,41.19,63.44,2.26,33.96,0.0115,0.0549,0.1872,high,full,4y,False
创业板指,SZ399006,159915.SZ,34.83,25.48,4.87,49.6,0.0106,0.1399,0.3028,mid,full,10y,False
科创50,SH000688,588000.SS,119.52,78.78,6.94,78.9,0.0026,0.058,0.3426,high,full,6y,True
证券行业,SZ399975,512880.SS,11.93,0.16,1.2,6.96,0.0215,0.1008,0.2412,low,full,10y,False
沪深300,SH000300,510300.SS; 159919.SZ,13.14,59.32,1.39,32.64,0.0275,0.1059,0.2449,high,full,10y,True
全指信息,SH000993,159939.SZ,49.07,35.12,5.58,91.88,0.0068,0.1137,0.3367,high,full,10y,False
中证环保,SH000827,512580.SS,28.12,47.28,2.37,33.44,0.0194,0.0843,0.4356,high,full,10y,False
养老产业,SZ399812,159842.SZ,8.48,0.24,1.65,0.84,0.0292,0.1941,0.2345,low,full,6y,False
中证红利,SH000922,515180.SS,8.74,83.48,0.86,53.96,0.0424,0.0986,0.0341,high,full,7y,False
纳斯达克100,NDX,QQQ; 513100.SS,31.27,51.96,9.67,90.16,0.0043,0.3093,0.016,high,full,10y,False
标普500,SP500,SPY; 513500.SS,25.47,59.76,5.6,96.84,0.0101,0.22,0.0069,high,full,10y,False
德国DAX,GDAXI,DAXEX.DE; 513030.SS,16.53,44.04,1.67,46.48,0.0011,0.1013,0.0565,high,full,10y,False
中证机器人,H30590,159770.SZ,43.46,,,,0.0088,,0.2888,,partial,5y,True
中证电池主题,CSI931719,561910.SS,24.11,,,,0.0182,,0.419,,partial,5y,True
中证机床,CSI931866,159667.SZ,51.06,,,,0.0077,,0.767,,partial,4y,True
中证电网设备主题,CSI931994,159326.SZ,28.1,,,,0.0131,,0.3189,,partial,2y,True
中证人工智能主题,CSI930713,159819.SZ,53.34,,,,0.0074,,0.2809,,partial,6y,True
中证港股通互联网,CSI931637,513040.SS,26.42,,,,0.0109,,0.5095,,partial,3y,True
上证综合,SH000001,510210.SS,15.48,,,,0.0234,,0.733,,partial,10y,True
